{
    "VLO": {"yaw": -60,
            "pitch": 35,
            "roll": 0,
            "x": 0.08143,
            "y": -0.547288,
            "z": -0.036416},
    "VLU": {"yaw": -60,
            "pitch": -20,
            "roll": 0,
            "x": 0.65402,
            "y": -0.602869,
            "z": -0.024373},
    "VMO": {"yaw": 0,
            "pitch": 35,
            "roll": 0,
            "x": 0.648267,
            "y": -0.103386,
            "z": -0.036416},
    "VMU": {"yaw": 0,
            "pitch": -20,
            "roll": 0,
            "x": 0.712447,
            "y": 0.229914,
            "z": -0.024373},
    "VRU": {"yaw": 60,
            "pitch": -20,
            "roll": 0,
            "x": 0.65402,
            "y": 0.729397,
            "z": -0.024373},
    "VRO": {"yaw": 60,
            "pitch": 35,
            "roll": 0,
            "x": 0.08143,
            "y": 0.673815,
            "z": -0.036416},
    "HRO": {"yaw": 120,
            "pitch": 35,
            "roll": 0,
            "x": -0.503849,
            "y": 0.673815,
            "z": -0.036416},
    "HRU": {"yaw": 120,
            "pitch": -20,
            "roll": 0,
            "x": -1.076439,
            "y": 0.729397,
            "z": -0.024373},
    "HMO": {"yaw": 180,
            "pitch": 35,
            "roll": 0,
            "x": -1.076283,
            "y": 0.229914,
            "z": -0.036416},
    "HMU": {"yaw": 180,
            "pitch": -20,
            "roll": 0,
            "x": -1.134867,
            "y": -0.103386,
            "z": -0.024373},
    "HLU": {"yaw": -120,
            "pitch": -20,
            "roll": 0,
            "x": -1.076439,
            "y": -0.602869,
            "z": -0.024373},
    "HLO": {"yaw": -120,
            "pitch": 35,
            "roll": 0,
            "x": -0.503849,
            "y": -0.547288,
            "z": -0.036416},
    "O": {"yaw": 180,
          "pitch": 90,
          "roll": 0,
          "x": 0.14699,
          "y": 0.063264,
          "z": -0.04675}
}